Year,State,Crop,Temperature_C,Rainfall_mm,Humidity_pct,CO2_ppm,Area_hectares,Yield_kg_per_hectare
2015,Punjab,Rice,24.3,514.8,61.1,401.4,18476.0,2602.9
2016,Punjab,Rice,24.17,601.9,60.6,400.8,43371.8,2838.7
2017,Punjab,Rice,24.15,782.5,67.7,402.9,59912.6,2603.2
2018,Punjab,Rice,25.0,622.5,60.5,405.3,97362.8,2972.2
2019,Punjab,Rice,23.73,576.2,62.0,408.9,23886.1,2669.6
2020,Punjab,Rice,26.34,562.2,57.4,409.3,52260.0,3355.0
2021,Punjab,Rice,24.13,498.8,54.4,413.6,49343.7,2827.0
2022,Punjab,Rice,23.61,631.2,61.9,415.0,71424.6,2625.4
2023,Punjab,Rice,25.0,602.8,61.8,417.7,73464.9,3005.1
2024,Punjab,Rice,23.89,503.9,56.7,421.1,70156.3,2830.1
2015,Punjab,Wheat,22.32,606.5,61.4,400.9,60328.6,3607.0
2016,Punjab,Wheat,23.69,582.9,63.5,401.8,86806.3,3164.9
2017,Punjab,Wheat,23.16,700.6,64.0,405.2,60132.9,3461.1
2018,Punjab,Wheat,24.75,588.8,62.1,405.3,12044.1,2991.7
2019,Punjab,Wheat,22.96,685.3,61.1,408.4,23708.1,3545.9
2020,Punjab,Wheat,24.87,602.2,58.9,410.4,42563.1,2824.2
2021,Punjab,Wheat,22.92,478.4,58.7,411.2,33928.3,3650.9
2022,Punjab,Wheat,23.92,696.9,59.6,414.4,18675.2,3287.3
2023,Punjab,Wheat,25.16,369.4,55.7,417.2,25909.6,2661.1
2024,Punjab,Wheat,24.43,518.2,59.2,418.9,62568.8,3163.1
2015,Punjab,Maize,22.98,673.3,63.5,402.0,39687.5,2641.0
2016,Punjab,Maize,25.5,488.5,54.8,400.7,62295.5,2610.5
2017,Punjab,Maize,24.72,607.1,54.9,402.7,80446.2,2899.2
2018,Punjab,Maize,26.12,1007.8,73.9,404.8,52614.0,2663.4
2019,Punjab,Maize,23.35,568.0,57.2,408.2,84366.3,2706.2
2020,Punjab,Maize,24.04,480.4,50.5,409.8,35311.0,2797.3
2021,Punjab,Maize,26.01,624.9,65.2,411.9,30719.3,2689.0
2022,Punjab,Maize,23.55,877.7,65.2,416.0,38542.5,2813.5
2023,Punjab,Maize,24.7,573.6,59.7,415.8,24814.7,2805.1
2024,Punjab,Maize,23.13,420.9,56.1,421.3,90171.3,2645.3
2015,Punjab,Cotton,24.29,819.8,67.7,399.4,43629.2,1225.0
2016,Punjab,Cotton,25.58,666.8,57.6,400.0,21048.2,1445.4
2017,Punjab,Cotton,23.9,586.2,66.0,402.5,37929.1,1196.7
2018,Punjab,Cotton,23.73,628.3,60.7,406.8,30669.0,1146.2
2019,Punjab,Cotton,24.8,355.5,53.4,407.1,62300.5,1203.7
2020,Punjab,Cotton,23.87,734.1,59.1,410.5,21137.8,1195.2
2021,Punjab,Cotton,23.76,565.4,63.6,413.4,96006.1,1146.0
2022,Punjab,Cotton,23.58,571.9,60.7,415.0,19530.8,1133.4
2023,Punjab,Cotton,24.55,921.3,77.3,415.5,82392.5,1162.7
2024,Punjab,Cotton,23.77,628.0,66.2,417.8,81713.5,1046.9
2015,Punjab,Sugarcane,23.84,511.9,55.9,398.7,68673.8,51979.6
2016,Punjab,Sugarcane,22.57,919.8,64.6,400.5,83491.2,53665.2
2017,Punjab,Sugarcane,22.91,588.1,61.6,406.8,37930.1,48651.8
2018,Punjab,Sugarcane,24.9,685.5,61.5,406.1,20394.1,64323.2
2019,Punjab,Sugarcane,23.89,652.2,59.8,409.1,71264.3,59066.7
2020,Punjab,Sugarcane,24.55,621.9,61.2,409.4,13912.8,63040.0
2021,Punjab,Sugarcane,26.33,812.5,68.2,411.5,43625.3,70711.1
2022,Punjab,Sugarcane,23.17,755.8,66.1,415.4,18920.2,55075.2
2023,Punjab,Sugarcane,24.77,449.6,54.4,417.2,67823.5,63666.5
2024,Punjab,Sugarcane,24.26,554.2,59.9,421.1,51651.9,61568.8
2015,Haryana,Rice,24.68,638.5,61.6,397.4,47520.0,3097.2
2016,Haryana,Rice,23.01,705.3,63.7,402.0,71716.9,2236.4
2017,Haryana,Rice,25.88,661.7,70.7,406.0,58189.1,3374.8
2018,Haryana,Rice,25.06,686.6,63.3,406.4,35934.0,3130.4
2019,Haryana,Rice,23.48,673.7,63.3,410.2,18558.6,2753.1
2020,Haryana,Rice,25.43,360.6,54.9,408.7,82079.6,3229.6
2021,Haryana,Rice,25.38,467.1,54.1,412.6,63106.8,3001.1
2022,Haryana,Rice,25.09,701.2,67.3,411.3,57036.9,3039.2
2023,Haryana,Rice,25.23,754.1,58.2,415.9,20776.0,2864.3
2024,Haryana,Rice,26.34,584.9,65.0,418.0,70410.8,3397.0
2015,Haryana,Wheat,24.73,630.5,64.0,398.7,38299.6,3001.3
2016,Haryana,Wheat,24.92,723.0,61.3,401.9,75671.7,2850.3
2017,Haryana,Wheat,23.76,612.3,65.7,404.2,98796.8,3446.0
2018,Haryana,Wheat,25.46,651.0,72.8,406.0,20973.0,2991.7
2019,Haryana,Wheat,24.2,586.0,66.8,406.0,36582.3,2998.8
2020,Haryana,Wheat,23.91,622.2,64.7,410.9,19953.0,3000.7
2021,Haryana,Wheat,24.79,496.7,60.9,413.7,99919.4,2965.5
2022,Haryana,Wheat,24.92,649.8,64.3,415.5,31674.5,3004.6
2023,Haryana,Wheat,25.02,650.7,61.9,417.6,13254.6,2984.7
2024,Haryana,Wheat,25.69,277.9,47.6,416.7,86446.8,2515.2
2015,Haryana,Maize,25.25,563.0,61.7,401.6,85418.2,2794.6
2016,Haryana,Maize,25.89,605.0,58.8,401.2,76115.9,2665.3
2017,Haryana,Maize,24.22,690.5,71.5,402.1,14905.0,2653.8
2018,Haryana,Maize,25.09,562.0,53.6,407.7,18254.9,2770.6
2019,Haryana,Maize,23.59,486.9,60.5,408.1,61517.2,2761.0
2020,Haryana,Maize,26.02,520.4,53.8,412.1,68431.0,2916.0
2021,Haryana,Maize,25.12,541.0,61.7,415.5,20729.6,2868.7
2022,Haryana,Maize,24.94,690.9,61.2,415.2,67116.6,2890.5
2023,Haryana,Maize,23.99,337.4,46.2,415.1,13245.4,2709.9
2024,Haryana,Maize,26.8,680.8,60.5,419.4,73180.2,2676.0
2015,Haryana,Cotton,24.69,680.5,62.9,401.6,48827.6,1265.5
2016,Haryana,Cotton,27.14,622.0,68.4,402.2,92895.1,1400.8
2017,Haryana,Cotton,24.41,484.7,60.4,402.9,54472.7,1264.8
2018,Haryana,Cotton,25.29,720.1,66.9,405.9,40071.7,1313.6
2019,Haryana,Cotton,25.6,333.9,53.1,405.4,87089.3,1403.9
2020,Haryana,Cotton,25.6,471.5,52.3,406.1,96258.6,1490.2
2021,Haryana,Cotton,25.17,485.3,60.6,410.3,44905.8,1335.7
2022,Haryana,Cotton,24.69,653.8,64.9,415.7,24931.6,1344.8
2023,Haryana,Cotton,26.45,417.9,53.2,418.8,22743.6,1493.6
2024,Haryana,Cotton,24.42,726.2,66.1,419.3,52239.4,1240.2
2015,Haryana,Sugarcane,23.56,541.7,62.1,397.7,36285.3,53312.0
2016,Haryana,Sugarcane,25.69,281.7,49.8,399.6,85923.0,66077.2
2017,Haryana,Sugarcane,24.4,553.1,60.0,404.5,42994.8,63834.4
2018,Haryana,Sugarcane,25.28,629.1,65.1,406.7,86681.4,66690.9
2019,Haryana,Sugarcane,24.35,474.0,54.3,406.5,54893.5,59989.0
2020,Haryana,Sugarcane,23.81,555.8,62.1,410.6,25975.6,60575.9
2021,Haryana,Sugarcane,25.48,537.2,57.6,413.4,37678.2,64288.3
2022,Haryana,Sugarcane,24.71,585.1,58.0,415.0,98362.5,68565.5
2023,Haryana,Sugarcane,26.07,511.2,60.9,413.2,96689.0,69251.6
2024,Haryana,Sugarcane,23.79,629.9,70.8,417.1,59779.3,59105.6
2015,Uttar Pradesh,Rice,26.61,691.1,58.5,402.7,77498.5,3121.8
2016,Uttar Pradesh,Rice,23.39,676.5,55.3,401.3,98698.6,2458.5
2017,Uttar Pradesh,Rice,23.31,903.0,61.2,406.1,59991.6,2351.8
2018,Uttar Pradesh,Rice,25.66,928.2,66.0,403.8,14382.9,2975.2
2019,Uttar Pradesh,Rice,25.4,636.9,57.7,407.2,76548.8,3126.9
2020,Uttar Pradesh,Rice,25.44,735.2,64.5,409.8,10405.0,3125.4
2021,Uttar Pradesh,Rice,24.62,869.2,60.4,412.0,70445.2,2791.9
2022,Uttar Pradesh,Rice,22.87,1010.4,76.8,414.1,63128.8,2202.9
2023,Uttar Pradesh,Rice,25.03,769.3,55.2,417.7,40773.4,2858.0
2024,Uttar Pradesh,Rice,26.06,1053.8,68.5,418.4,22313.9,3267.6
2015,Uttar Pradesh,Wheat,23.27,871.4,61.0,402.8,22093.0,3645.6
2016,Uttar Pradesh,Wheat,23.94,919.3,65.3,400.8,67108.6,3432.0
2017,Uttar Pradesh,Wheat,24.76,616.0,55.2,402.8,35608.7,2964.8
2018,Uttar Pradesh,Wheat,23.41,619.0,57.3,405.5,76808.6,3448.2
2019,Uttar Pradesh,Wheat,25.43,729.2,53.3,409.7,23989.7,3117.0
2020,Uttar Pradesh,Wheat,25.62,865.4,61.8,411.7,52863.2,2896.4
2021,Uttar Pradesh,Wheat,24.72,751.4,57.3,413.8,19170.5,3022.3
2022,Uttar Pradesh,Wheat,24.86,841.8,60.8,416.1,96379.7,2942.8
2023,Uttar Pradesh,Wheat,24.54,492.4,47.9,415.4,56447.9,3180.0
2024,Uttar Pradesh,Wheat,25.11,653.0,56.1,420.5,72837.1,2809.5
2015,Uttar Pradesh,Maize,25.56,821.2,63.8,400.0,20086.3,2667.5
2016,Uttar Pradesh,Maize,25.03,815.6,56.2,399.8,48819.4,2758.5
2017,Uttar Pradesh,Maize,24.06,823.5,65.8,400.8,53187.7,2654.4
2018,Uttar Pradesh,Maize,26.58,865.7,65.5,404.6,51469.3,2742.3
2019,Uttar Pradesh,Maize,25.22,893.3,62.5,408.8,10833.4,2919.8
2020,Uttar Pradesh,Maize,26.01,604.4,46.0,412.0,61229.1,2625.0
2021,Uttar Pradesh,Maize,23.38,820.9,64.9,415.3,24646.9,2686.5
2022,Uttar Pradesh,Maize,24.39,802.5,59.4,413.2,64308.2,3033.7
2023,Uttar Pradesh,Maize,26.46,674.3,60.4,417.8,64066.1,2875.0
2024,Uttar Pradesh,Maize,26.0,883.2,65.5,419.4,41183.1,2838.4
2015,Uttar Pradesh,Cotton,24.44,683.6,64.0,402.6,38543.8,1242.4
2016,Uttar Pradesh,Cotton,26.39,844.6,62.7,400.5,25565.0,1395.0
2017,Uttar Pradesh,Cotton,23.78,829.3,61.1,406.9,62617.5,1150.5
2018,Uttar Pradesh,Cotton,25.37,834.7,60.8,404.7,34586.8,1300.4
2019,Uttar Pradesh,Cotton,23.91,888.5,64.7,405.7,11634.4,1224.4
2020,Uttar Pradesh,Cotton,26.26,948.4,65.0,409.2,59818.7,1419.9
2021,Uttar Pradesh,Cotton,25.62,975.4,70.0,412.4,98507.5,1351.7
2022,Uttar Pradesh,Cotton,25.5,774.7,57.5,415.1,46716.5,1335.6
2023,Uttar Pradesh,Cotton,25.63,741.7,59.9,417.2,96539.5,1355.1
2024,Uttar Pradesh,Cotton,26.8,635.9,47.4,416.1,89052.9,1411.5
2015,Uttar Pradesh,Sugarcane,24.88,1007.8,55.8,400.6,61294.0,60687.7
2016,Uttar Pradesh,Sugarcane,24.66,745.1,55.4,401.6,28395.8,68155.5
2017,Uttar Pradesh,Sugarcane,24.74,1083.7,68.8,406.8,89881.4,63378.5
2018,Uttar Pradesh,Sugarcane,25.49,1242.3,76.6,405.2,64159.7,62981.7
2019,Uttar Pradesh,Sugarcane,24.67,940.1,64.7,408.8,21799.8,64757.0
2020,Uttar Pradesh,Sugarcane,25.62,563.2,56.5,409.0,18903.2,66396.6
2021,Uttar Pradesh,Sugarcane,25.32,717.8,61.5,410.6,56981.1,65465.7
2022,Uttar Pradesh,Sugarcane,25.23,837.3,57.6,415.8,68726.7,62330.9
2023,Uttar Pradesh,Sugarcane,23.36,792.4,59.5,416.6,88904.0,55217.7
2024,Uttar Pradesh,Sugarcane,26.31,642.6,51.4,417.3,22401.4,73606.3
2015,Bihar,Rice,25.07,774.8,45.9,398.8,58812.8,2817.0
2016,Bihar,Rice,25.58,1052.5,64.8,401.1,76161.6,3147.5
2017,Bihar,Rice,24.04,1136.7,63.5,404.0,28613.2,2632.0
2018,Bihar,Rice,27.68,1049.7,55.5,406.4,86183.1,3104.8
2019,Bihar,Rice,26.06,1144.2,60.8,409.9,86620.1,3377.1
2020,Bihar,Rice,26.23,1242.2,58.5,410.0,94601.7,3205.9
2021,Bihar,Rice,25.17,1036.4,67.7,412.3,58291.1,3028.4
2022,Bihar,Rice,25.86,1051.8,62.4,416.4,95788.5,3238.7
2023,Bihar,Rice,26.41,894.4,55.8,418.2,20705.8,3245.5
2024,Bihar,Rice,26.75,1100.8,66.8,419.3,57869.7,3332.0
2015,Bihar,Wheat,22.57,1149.8,48.8,397.4,23758.9,3529.9
2016,Bihar,Wheat,24.38,1000.4,64.6,401.4,66043.8,3139.1
2017,Bihar,Wheat,25.99,1296.2,68.1,402.7,67511.2,2469.3
2018,Bihar,Wheat,24.26,1045.7,57.5,407.7,21612.7,3173.3
2019,Bihar,Wheat,25.55,1101.0,64.5,406.9,75356.2,2887.0
2020,Bihar,Wheat,25.29,880.8,57.5,411.2,40844.2,2850.3
2021,Bihar,Wheat,26.48,1106.7,64.7,410.5,90323.9,2268.4
2022,Bihar,Wheat,25.3,1164.2,69.8,417.4,76466.0,2869.0
2023,Bihar,Wheat,26.17,1143.7,63.7,417.0,47737.1,2454.4
2024,Bihar,Wheat,25.13,983.1,61.2,418.9,18255.1,3043.9
2015,Bihar,Maize,25.13,1198.3,66.3,398.1,27802.9,2725.9
2016,Bihar,Maize,23.88,957.1,53.8,402.2,34763.7,2688.9
2017,Bihar,Maize,26.2,1130.2,64.1,404.8,58787.1,2510.2
2018,Bihar,Maize,25.26,795.6,53.4,406.3,38844.2,2864.6
2019,Bihar,Maize,25.86,1007.0,61.3,407.6,88759.7,2896.0
2020,Bihar,Maize,25.14,1169.7,66.7,409.1,59009.4,2910.5
2021,Bihar,Maize,25.84,958.9,54.5,411.8,93148.7,2686.5
2022,Bihar,Maize,26.22,889.6,55.2,414.9,53254.7,2588.6
2023,Bihar,Maize,27.29,1063.5,62.6,417.0,62736.5,2581.4
2024,Bihar,Maize,27.31,977.7,63.0,417.9,10675.6,2464.5
2015,Bihar,Cotton,25.96,1287.9,67.1,399.7,20413.4,1342.1
2016,Bihar,Cotton,23.95,974.3,59.3,404.1,65770.2,1132.9
2017,Bihar,Cotton,27.02,1117.7,61.9,404.8,34356.9,1416.2
2018,Bihar,Cotton,25.21,897.2,50.0,407.3,48114.6,1281.2
2019,Bihar,Cotton,25.67,1175.3,64.9,407.4,99948.0,1363.9
2020,Bihar,Cotton,27.28,1129.3,66.7,412.4,51508.8,1457.9
2021,Bihar,Cotton,26.34,1125.6,58.3,413.7,84890.8,1372.6
2022,Bihar,Cotton,27.08,1160.2,69.7,414.3,54213.2,1414.6
2023,Bihar,Cotton,25.92,1054.3,65.2,416.3,58045.6,1347.8
2024,Bihar,Cotton,26.31,1037.4,57.2,418.5,13135.5,1409.5
2015,Bihar,Sugarcane,27.27,1087.2,60.7,396.9,84081.2,68836.7
2016,Bihar,Sugarcane,24.85,1272.6,66.3,404.0,33170.7,64017.1
2017,Bihar,Sugarcane,25.49,1086.5,68.5,400.7,29727.0,65679.0
2018,Bihar,Sugarcane,25.63,1168.7,65.9,405.7,25781.2,71003.3
2019,Bihar,Sugarcane,25.84,1197.1,65.9,407.6,50385.7,69172.4
2020,Bihar,Sugarcane,25.7,1256.5,56.7,408.4,29871.8,67121.4
2021,Bihar,Sugarcane,25.49,862.0,51.3,411.3,84569.2,71940.3
2022,Bihar,Sugarcane,25.37,1003.7,54.7,411.8,33416.6,64814.5
2023,Bihar,Sugarcane,25.74,836.0,51.4,417.0,34362.7,69188.0
2024,Bihar,Sugarcane,24.54,1148.1,60.2,419.8,10096.1,60323.1
2015,West Bengal,Rice,25.68,1547.5,65.8,399.8,52296.0,3225.7
2016,West Bengal,Rice,25.78,1590.5,72.3,405.0,27593.8,3010.7
2017,West Bengal,Rice,27.56,1348.4,52.4,403.5,25852.4,3159.4
2018,West Bengal,Rice,25.47,1391.4,56.0,405.0,42163.3,3113.3
2019,West Bengal,Rice,27.05,1408.4,58.6,407.3,18984.8,3049.2
2020,West Bengal,Rice,24.39,1172.5,47.9,412.5,77884.4,2917.9
2021,West Bengal,Rice,26.65,1559.7,60.1,413.4,39154.3,3179.2
2022,West Bengal,Rice,26.84,1524.6,60.5,413.0,54877.6,3271.3
2023,West Bengal,Rice,26.65,1341.0,57.6,417.7,27388.7,3447.0
2024,West Bengal,Rice,27.64,1306.8,63.2,418.1,48836.7,3229.0
2015,West Bengal,Wheat,25.59,1265.0,54.6,397.7,50594.2,2840.1
2016,West Bengal,Wheat,25.24,1532.3,60.0,401.2,41115.8,2835.9
2017,West Bengal,Wheat,27.82,1423.3,63.8,404.3,29308.5,2227.2
2018,West Bengal,Wheat,26.07,1464.0,57.6,407.3,63765.5,2565.0
2019,West Bengal,Wheat,27.7,1660.4,65.1,409.0,62108.0,2308.8
2020,West Bengal,Wheat,25.6,1675.6,68.5,410.2,76911.4,2391.1
2021,West Bengal,Wheat,24.23,1561.5,64.0,413.0,39764.4,3242.4
2022,West Bengal,Wheat,28.28,1558.1,64.3,414.0,79741.7,2024.8
2023,West Bengal,Wheat,26.58,1553.9,57.2,415.8,26884.8,2193.8
2024,West Bengal,Wheat,26.41,1166.0,54.9,420.0,60795.3,1996.1
2015,West Bengal,Maize,25.0,1660.3,55.5,399.5,20655.9,2862.8
2016,West Bengal,Maize,25.36,1545.5,65.6,404.9,12157.3,2853.7
2017,West Bengal,Maize,24.59,1640.8,63.0,403.4,43906.1,2611.3
2018,West Bengal,Maize,26.35,1604.8,66.2,403.9,22566.1,2796.9
2019,West Bengal,Maize,24.28,1332.3,60.7,408.8,82807.3,2991.2
2020,West Bengal,Maize,26.67,1550.5,74.3,410.2,48612.4,2745.8
2021,West Bengal,Maize,26.68,1389.5,54.7,416.1,13635.9,2628.3
2022,West Bengal,Maize,27.2,1436.8,59.2,415.5,85372.8,2652.4
2023,West Bengal,Maize,28.23,1504.6,60.6,416.0,61070.3,2299.4
2024,West Bengal,Maize,25.98,1556.1,56.7,420.2,27042.7,2873.8
2015,West Bengal,Cotton,24.87,1672.7,71.9,401.4,84701.7,1321.7
2016,West Bengal,Cotton,26.44,1284.3,55.7,402.6,59110.8,1384.9
2017,West Bengal,Cotton,26.37,1677.6,72.0,399.9,51076.3,1365.3
2018,West Bengal,Cotton,24.37,1491.2,66.7,404.7,80188.3,1182.7
2019,West Bengal,Cotton,25.49,1664.1,64.5,409.1,28523.8,1452.2
2020,West Bengal,Cotton,26.8,1441.3,62.6,408.4,31272.4,1396.8
2021,West Bengal,Cotton,26.04,1394.1,56.7,413.6,92120.4,1435.7
2022,West Bengal,Cotton,26.27,1517.7,60.8,418.0,87772.3,1494.6
2023,West Bengal,Cotton,27.69,1333.2,66.2,418.3,95112.4,1413.8
2024,West Bengal,Cotton,26.14,1409.8,61.0,421.0,68787.3,1369.9
2015,West Bengal,Sugarcane,26.82,1619.7,68.0,401.1,94300.3,67125.6
2016,West Bengal,Sugarcane,25.17,1280.4,56.7,402.0,49300.1,56594.1
2017,West Bengal,Sugarcane,24.83,1631.7,63.1,404.7,63366.1,68173.7
2018,West Bengal,Sugarcane,25.98,1516.7,71.8,408.6,90708.0,67894.3
2019,West Bengal,Sugarcane,25.83,1538.3,62.7,407.8,48535.3,68732.8
2020,West Bengal,Sugarcane,28.5,1476.8,68.5,411.0,70466.9,66236.6
2021,West Bengal,Sugarcane,25.39,1517.8,66.5,412.7,76291.6,64169.5
2022,West Bengal,Sugarcane,24.85,1221.2,54.5,416.4,66414.2,57650.7
2023,West Bengal,Sugarcane,26.13,1422.8,68.2,414.6,23898.1,75187.5
2024,West Bengal,Sugarcane,26.81,1510.2,62.8,419.4,73734.2,69720.4
2015,Madhya Pradesh,Rice,26.38,771.5,58.2,400.3,37750.0,3140.6
2016,Madhya Pradesh,Rice,24.92,803.7,56.4,400.4,80399.0,2782.8
2017,Madhya Pradesh,Rice,26.29,782.4,54.9,403.3,42473.0,3197.6
2018,Madhya Pradesh,Rice,25.41,993.8,54.8,406.2,38246.2,3097.5
2019,Madhya Pradesh,Rice,25.73,993.3,66.8,405.4,31239.8,3156.8
2020,Madhya Pradesh,Rice,24.99,1085.6,64.6,407.6,99894.7,2628.7
2021,Madhya Pradesh,Rice,25.51,883.5,58.4,414.2,17303.9,3110.3
2022,Madhya Pradesh,Rice,23.65,981.2,65.1,415.2,59694.6,2459.8
2023,Madhya Pradesh,Rice,27.83,769.3,59.8,414.3,99534.2,3385.3
2024,Madhya Pradesh,Rice,25.6,996.2,64.3,418.7,64566.9,3141.1
2015,Madhya Pradesh,Wheat,23.72,845.6,61.2,400.6,27566.7,3202.7
2016,Madhya Pradesh,Wheat,24.96,895.5,54.9,401.2,27272.9,3058.7
2017,Madhya Pradesh,Wheat,26.39,917.0,59.5,404.4,70993.8,2140.0
2018,Madhya Pradesh,Wheat,24.68,846.5,54.4,406.5,48696.1,2843.8
2019,Madhya Pradesh,Wheat,25.69,893.4,61.7,408.4,85161.3,2498.0
2020,Madhya Pradesh,Wheat,25.73,1048.7,56.0,411.0,28719.8,2636.6
2021,Madhya Pradesh,Wheat,26.29,816.6,57.7,410.2,43438.9,2493.3
2022,Madhya Pradesh,Wheat,24.8,841.8,53.4,412.6,67802.7,2949.9
2023,Madhya Pradesh,Wheat,26.2,952.8,63.4,417.2,32128.8,2301.8
2024,Madhya Pradesh,Wheat,25.81,1034.2,69.5,416.8,26683.8,2836.5
2015,Madhya Pradesh,Maize,26.01,975.4,61.9,399.4,33942.8,2717.5
2016,Madhya Pradesh,Maize,25.5,953.2,59.4,402.9,30222.1,2600.6
2017,Madhya Pradesh,Maize,25.9,837.2,61.1,404.3,80461.5,2895.8
2018,Madhya Pradesh,Maize,25.81,1076.2,56.2,408.7,14548.2,2907.9
2019,Madhya Pradesh,Maize,24.44,814.0,58.7,408.4,80275.5,2922.4
2020,Madhya Pradesh,Maize,23.93,1041.6,64.7,410.2,77029.4,2832.9
2021,Madhya Pradesh,Maize,23.33,992.3,57.2,412.7,55474.9,2838.6
2022,Madhya Pradesh,Maize,25.6,810.8,56.0,416.6,76287.1,2788.5
2023,Madhya Pradesh,Maize,25.58,690.3,56.1,414.2,74965.3,2789.2
2024,Madhya Pradesh,Maize,28.25,744.0,55.7,421.6,98796.6,2229.4
2015,Madhya Pradesh,Cotton,25.72,950.3,63.1,399.0,44450.5,1267.3
2016,Madhya Pradesh,Cotton,25.68,1001.5,62.6,399.7,64572.7,1374.3
2017,Madhya Pradesh,Cotton,24.85,899.5,54.6,402.7,60717.1,1356.7
2018,Madhya Pradesh,Cotton,24.98,1012.2,61.6,406.7,45679.3,1357.3
2019,Madhya Pradesh,Cotton,25.13,717.6,49.8,407.6,29433.2,1324.3
2020,Madhya Pradesh,Cotton,25.23,1223.7,62.9,410.8,96266.4,1280.0
2021,Madhya Pradesh,Cotton,25.88,605.7,53.1,415.5,50457.9,1356.6
2022,Madhya Pradesh,Cotton,26.8,879.7,57.7,411.3,62074.8,1413.9
2023,Madhya Pradesh,Cotton,24.81,910.5,58.5,416.0,25222.1,1233.9
2024,Madhya Pradesh,Cotton,26.91,705.3,52.4,421.8,16665.2,1420.7
2015,Madhya Pradesh,Sugarcane,24.56,881.2,60.3,400.1,89395.8,62310.6
2016,Madhya Pradesh,Sugarcane,25.33,755.5,54.4,403.5,52088.7,65398.7
2017,Madhya Pradesh,Sugarcane,24.76,950.5,60.5,406.4,85786.3,60619.0
2018,Madhya Pradesh,Sugarcane,26.29,828.3,56.2,406.8,37689.9,72208.3
2019,Madhya Pradesh,Sugarcane,24.89,841.5,56.3,407.6,36085.1,66588.0
2020,Madhya Pradesh,Sugarcane,27.41,1209.8,65.3,410.6,72418.6,67046.4
2021,Madhya Pradesh,Sugarcane,25.11,770.6,52.7,412.4,17804.0,68321.6
2022,Madhya Pradesh,Sugarcane,24.86,1266.2,69.2,414.8,52530.0,68147.2
2023,Madhya Pradesh,Sugarcane,26.94,932.6,56.1,417.1,64179.7,75879.4
2024,Madhya Pradesh,Sugarcane,26.67,899.4,50.8,417.4,54415.6,75020.0
2015,Maharashtra,Rice,27.61,693.0,57.3,401.5,18566.9,3137.1
2016,Maharashtra,Rice,26.81,853.9,53.3,401.6,61298.5,3184.4
2017,Maharashtra,Rice,26.02,828.4,59.8,404.9,67740.5,3109.1
2018,Maharashtra,Rice,26.71,629.3,56.2,406.3,78048.4,3265.7
2019,Maharashtra,Rice,24.71,615.4,55.0,408.4,33658.4,2791.3
2020,Maharashtra,Rice,27.36,986.2,66.4,410.1,87397.3,3330.8
2021,Maharashtra,Rice,27.96,941.8,59.7,413.6,49582.8,3408.5
2022,Maharashtra,Rice,25.9,821.6,62.7,414.8,38876.5,3246.4
2023,Maharashtra,Rice,27.4,855.4,61.6,416.4,77425.7,3151.8
2024,Maharashtra,Rice,26.27,838.4,63.8,416.7,50165.4,2983.6
2015,Maharashtra,Wheat,26.53,754.6,56.3,401.0,25930.1,2310.8
2016,Maharashtra,Wheat,26.24,980.4,66.2,401.1,11955.1,2511.6
2017,Maharashtra,Wheat,26.97,704.4,59.0,402.6,16461.7,2427.2
2018,Maharashtra,Wheat,26.91,899.4,61.1,407.3,59454.4,2333.0
2019,Maharashtra,Wheat,27.53,799.0,56.6,406.6,95783.4,2041.6
2020,Maharashtra,Wheat,27.43,1100.2,73.4,408.1,14136.7,2501.6
2021,Maharashtra,Wheat,26.28,871.2,53.1,413.0,64936.4,2417.2
2022,Maharashtra,Wheat,25.22,921.6,66.7,413.5,64306.5,2602.7
2023,Maharashtra,Wheat,26.55,768.4,52.0,417.5,25900.0,2184.0
2024,Maharashtra,Wheat,26.31,976.3,66.6,418.7,93246.6,2230.2
2015,Maharashtra,Maize,26.53,919.2,60.7,400.7,97363.9,2741.0
2016,Maharashtra,Maize,27.09,513.8,55.7,397.5,47552.8,2550.6
2017,Maharashtra,Maize,26.26,695.4,51.8,405.7,86408.1,2829.3
2018,Maharashtra,Maize,26.56,724.0,54.6,404.8,43209.0,2748.5
2019,Maharashtra,Maize,24.94,819.5,56.2,410.3,29371.9,3016.5
2020,Maharashtra,Maize,26.67,713.9,54.0,409.3,93400.3,2675.0
2021,Maharashtra,Maize,25.51,574.6,51.2,409.9,70677.6,2621.5
2022,Maharashtra,Maize,25.91,1111.1,68.3,415.1,40154.2,2703.5
2023,Maharashtra,Maize,27.04,710.8,60.2,415.0,68571.5,2550.7
2024,Maharashtra,Maize,27.02,753.7,56.7,418.5,71878.1,2700.0
2015,Maharashtra,Cotton,26.74,888.5,59.9,401.2,56968.9,1383.5
2016,Maharashtra,Cotton,26.64,1113.6,62.7,403.3,19780.0,1393.4
2017,Maharashtra,Cotton,28.16,949.5,64.1,403.4,44005.4,1358.0
2018,Maharashtra,Cotton,25.83,841.3,61.1,405.1,47915.2,1298.5
2019,Maharashtra,Cotton,27.05,942.9,64.2,409.8,78746.0,1441.7
2020,Maharashtra,Cotton,27.0,853.1,58.5,413.8,13811.2,1390.6
2021,Maharashtra,Cotton,27.17,890.7,56.1,414.3,11460.7,1367.0
2022,Maharashtra,Cotton,27.97,932.3,57.9,417.4,52738.9,1411.1
2023,Maharashtra,Cotton,28.41,864.7,60.9,415.8,48129.0,1408.0
2024,Maharashtra,Cotton,26.87,734.3,57.8,418.8,87357.8,1342.8
2015,Maharashtra,Sugarcane,27.07,561.8,53.2,399.3,97887.4,65737.8
2016,Maharashtra,Sugarcane,27.2,841.4,60.8,403.2,71203.1,72992.1
2017,Maharashtra,Sugarcane,25.59,924.3,66.4,405.2,74507.7,65855.5
2018,Maharashtra,Sugarcane,25.24,749.7,60.3,407.0,91008.2,63127.3
2019,Maharashtra,Sugarcane,27.43,712.8,61.3,412.7,77240.0,70376.5
2020,Maharashtra,Sugarcane,27.28,800.9,51.9,409.6,74222.8,66609.9
2021,Maharashtra,Sugarcane,28.46,893.5,63.3,412.1,26012.1,71230.5
2022,Maharashtra,Sugarcane,26.75,920.0,61.8,414.2,19742.4,65860.0
2023,Maharashtra,Sugarcane,26.56,851.3,55.5,416.7,44665.1,65410.7
2024,Maharashtra,Sugarcane,25.94,889.9,63.3,417.2,78098.4,73224.2
2015,Karnataka,Rice,25.78,687.6,59.8,399.1,79654.5,3134.3
2016,Karnataka,Rice,25.67,710.1,65.6,402.2,82575.9,3219.8
2017,Karnataka,Rice,24.28,450.9,61.1,404.6,18394.4,2639.5
2018,Karnataka,Rice,25.89,642.6,58.3,408.4,87117.4,3062.9
2019,Karnataka,Rice,25.37,722.8,64.6,409.8,33869.2,3153.9
2020,Karnataka,Rice,24.94,673.2,61.7,410.8,48337.4,3074.0
2021,Karnataka,Rice,25.28,552.8,58.1,412.6,23662.2,3346.5
2022,Karnataka,Rice,24.76,705.9,66.4,414.8,97279.4,2926.4
2023,Karnataka,Rice,25.64,540.2,56.0,417.2,25298.1,3186.3
2024,Karnataka,Rice,26.62,624.7,58.5,423.0,60747.6,3202.9
2015,Karnataka,Wheat,24.31,577.5,62.2,399.5,56101.9,3137.0
2016,Karnataka,Wheat,25.77,582.9,54.4,402.4,26737.7,2647.4
2017,Karnataka,Wheat,24.27,774.1,61.1,403.4,19373.6,3367.5
2018,Karnataka,Wheat,25.75,757.6,68.6,410.5,93666.9,2547.2
2019,Karnataka,Wheat,24.54,561.4,53.7,408.0,27104.1,3155.1
2020,Karnataka,Wheat,25.25,727.5,64.8,411.4,68835.7,3178.5
2021,Karnataka,Wheat,25.47,415.9,49.9,410.0,88864.1,2684.9
2022,Karnataka,Wheat,24.81,912.4,70.3,415.8,15456.8,2884.7
2023,Karnataka,Wheat,25.36,666.5,53.6,416.5,66425.7,2828.0
2024,Karnataka,Wheat,24.55,566.9,57.5,419.0,62876.8,3311.3
2015,Karnataka,Maize,24.71,640.7,62.1,400.9,48618.9,2884.6
2016,Karnataka,Maize,26.02,860.9,73.7,400.8,21390.7,2727.2
2017,Karnataka,Maize,24.98,601.6,53.2,404.3,65119.5,2818.3
2018,Karnataka,Maize,24.33,536.0,58.3,406.5,29464.2,3022.7
2019,Karnataka,Maize,25.44,735.1,58.7,406.5,73340.0,2712.8
2020,Karnataka,Maize,24.16,659.9,60.5,409.1,36308.0,2938.1
2021,Karnataka,Maize,24.43,476.8,59.4,413.3,13557.1,2612.8
2022,Karnataka,Maize,24.54,643.9,65.1,413.1,78085.3,2916.6
2023,Karnataka,Maize,22.94,778.4,59.5,417.3,48803.6,2768.7
2024,Karnataka,Maize,25.91,328.0,48.2,419.1,26263.6,2753.3
2015,Karnataka,Cotton,25.79,779.1,63.4,397.2,92732.1,1377.7
2016,Karnataka,Cotton,23.95,775.1,67.8,402.3,98742.7,1095.6
2017,Karnataka,Cotton,26.97,615.0,51.6,406.1,43906.2,1471.0
2018,Karnataka,Cotton,25.4,738.6,64.6,407.3,43261.4,1403.6
2019,Karnataka,Cotton,23.58,730.1,67.4,410.2,35925.4,1187.0
2020,Karnataka,Cotton,26.13,999.4,67.6,409.7,12138.1,1329.6
2021,Karnataka,Cotton,24.35,298.9,48.8,413.2,81597.3,1285.3
2022,Karnataka,Cotton,25.29,818.8,66.4,415.9,14657.5,1428.3
2023,Karnataka,Cotton,25.38,708.5,63.7,416.4,47671.7,1491.4
2024,Karnataka,Cotton,25.09,691.5,66.8,420.6,32576.8,1215.0
2015,Karnataka,Sugarcane,25.52,411.5,59.6,400.3,72447.3,62767.9
2016,Karnataka,Sugarcane,23.49,726.9,62.6,401.4,78602.6,62300.8
2017,Karnataka,Sugarcane,25.91,822.4,68.9,406.4,78046.8,63058.9
2018,Karnataka,Sugarcane,24.93,784.5,60.5,406.0,27054.2,69236.0
2019,Karnataka,Sugarcane,25.91,756.7,66.1,408.3,90328.7,65962.3
2020,Karnataka,Sugarcane,23.01,684.5,62.9,412.3,93875.0,55291.3
2021,Karnataka,Sugarcane,24.24,612.2,61.4,416.4,19655.8,64868.9
2022,Karnataka,Sugarcane,24.89,536.2,60.5,413.0,27818.3,64724.6
2023,Karnataka,Sugarcane,26.91,597.9,49.3,417.6,72266.2,71690.9
2024,Karnataka,Sugarcane,25.27,601.4,62.3,416.6,39021.7,69577.2
2015,Tamil Nadu,Rice,26.39,740.9,58.7,401.7,78050.9,2886.5
2016,Tamil Nadu,Rice,27.75,727.2,56.9,400.8,61441.3,3059.9
2017,Tamil Nadu,Rice,26.9,852.3,61.6,403.5,74819.4,3241.6
2018,Tamil Nadu,Rice,26.42,816.4,51.6,406.7,57466.0,2889.2
2019,Tamil Nadu,Rice,26.62,804.9,64.2,405.8,76061.5,3338.2
2020,Tamil Nadu,Rice,28.56,818.2,55.7,411.4,87769.8,2855.7
2021,Tamil Nadu,Rice,26.96,1109.5,64.8,412.8,27372.3,3501.8
2022,Tamil Nadu,Rice,26.7,898.8,67.8,412.4,40447.5,3121.1
2023,Tamil Nadu,Rice,27.42,862.5,55.7,415.3,46192.4,3381.7
2024,Tamil Nadu,Rice,27.23,896.1,62.7,417.4,29056.7,3382.1
2015,Tamil Nadu,Wheat,29.6,901.1,58.8,401.2,84623.5,2204.0
2016,Tamil Nadu,Wheat,26.64,1013.3,60.5,401.5,67808.6,2419.5
2017,Tamil Nadu,Wheat,26.48,696.5,47.1,402.3,85297.7,2261.2
2018,Tamil Nadu,Wheat,25.93,837.6,55.7,405.6,60698.5,2629.2
2019,Tamil Nadu,Wheat,27.18,862.1,57.8,408.9,91224.1,2178.3
2020,Tamil Nadu,Wheat,27.24,650.9,54.3,411.6,11483.4,2569.0
2021,Tamil Nadu,Wheat,26.36,936.3,61.5,412.4,55876.1,2360.9
2022,Tamil Nadu,Wheat,28.13,1080.1,65.7,415.9,25563.5,2436.6
2023,Tamil Nadu,Wheat,26.56,1035.8,73.3,416.6,95500.2,2255.0
2024,Tamil Nadu,Wheat,28.59,958.9,63.2,420.4,12789.5,2515.1
2015,Tamil Nadu,Maize,27.92,1147.8,69.1,401.4,45645.9,2275.4
2016,Tamil Nadu,Maize,28.75,971.1,65.8,402.3,60182.5,2100.5
2017,Tamil Nadu,Maize,28.52,1008.2,56.8,403.9,87307.0,2163.1
2018,Tamil Nadu,Maize,25.32,1175.1,71.2,406.2,50073.1,2892.0
2019,Tamil Nadu,Maize,26.62,1071.3,67.6,408.8,90381.7,2669.6
2020,Tamil Nadu,Maize,28.25,802.5,51.3,411.4,94825.4,2344.2
2021,Tamil Nadu,Maize,27.65,866.3,62.8,412.5,12842.3,2451.6
2022,Tamil Nadu,Maize,29.3,675.5,56.2,412.2,89798.1,1804.7
2023,Tamil Nadu,Maize,25.23,944.6,60.3,413.7,27773.4,3015.2
2024,Tamil Nadu,Maize,28.85,933.7,61.7,420.9,30550.3,2244.0
2015,Tamil Nadu,Cotton,26.06,976.2,64.5,397.3,35969.8,1499.0
2016,Tamil Nadu,Cotton,27.68,1134.5,68.0,402.0,56887.8,1330.2
2017,Tamil Nadu,Cotton,26.12,1100.6,71.8,402.7,74496.0,1370.1
2018,Tamil Nadu,Cotton,27.46,988.8,67.1,406.4,75646.9,1424.7
2019,Tamil Nadu,Cotton,27.78,813.7,66.7,409.1,83252.4,1304.2
2020,Tamil Nadu,Cotton,26.38,1075.9,66.7,407.6,19534.8,1367.9
2021,Tamil Nadu,Cotton,28.65,896.6,61.3,414.4,54244.9,1303.0
2022,Tamil Nadu,Cotton,27.08,1008.5,58.3,412.2,65285.4,1390.0
2023,Tamil Nadu,Cotton,26.93,652.6,50.8,416.8,52493.0,1347.5
2024,Tamil Nadu,Cotton,29.02,798.0,54.9,421.2,23814.3,1297.0
2015,Tamil Nadu,Sugarcane,26.84,1125.9,72.9,398.8,32961.2,69337.2
2016,Tamil Nadu,Sugarcane,26.05,935.8,61.6,403.8,88736.6,71186.1
2017,Tamil Nadu,Sugarcane,28.29,893.2,59.5,405.2,71987.7,70011.9
2018,Tamil Nadu,Sugarcane,27.03,803.0,54.0,408.5,90323.6,74944.8
2019,Tamil Nadu,Sugarcane,26.65,959.9,71.9,406.8,32470.3,71008.9
2020,Tamil Nadu,Sugarcane,28.49,807.5,57.8,409.6,11092.7,65039.5
2021,Tamil Nadu,Sugarcane,27.06,966.5,58.4,411.5,25114.4,67200.7
2022,Tamil Nadu,Sugarcane,26.86,916.4,59.4,414.3,10243.7,69610.4
2023,Tamil Nadu,Sugarcane,28.01,1080.7,63.9,417.5,26337.1,71120.4
2024,Tamil Nadu,Sugarcane,28.93,953.1,55.0,419.6,25748.0,66625.2
2015,Andhra Pradesh,Rice,28.0,810.3,53.5,400.2,54732.3,3104.4
2016,Andhra Pradesh,Rice,28.33,644.7,49.6,400.6,89387.0,2983.6
2017,Andhra Pradesh,Rice,28.48,1010.1,67.1,404.4,68750.9,2970.9
2018,Andhra Pradesh,Rice,27.98,734.4,60.6,408.1,50073.9,3130.0
2019,Andhra Pradesh,Rice,27.56,500.0,51.8,408.2,89868.1,3131.2
2020,Andhra Pradesh,Rice,27.13,716.8,56.2,410.6,33376.8,3232.5
2021,Andhra Pradesh,Rice,28.28,716.8,57.5,414.5,29497.0,3159.2
2022,Andhra Pradesh,Rice,26.69,802.8,55.6,414.4,85227.7,3091.2
2023,Andhra Pradesh,Rice,26.15,674.7,62.5,416.1,66408.9,3125.7
2024,Andhra Pradesh,Rice,26.42,806.4,69.2,421.0,15517.4,3353.3
2015,Andhra Pradesh,Wheat,26.17,669.1,59.5,401.7,26542.7,2300.8
2016,Andhra Pradesh,Wheat,26.87,990.5,66.2,401.5,60280.7,2296.1
2017,Andhra Pradesh,Wheat,28.16,730.3,59.7,404.7,71123.1,2413.1
2018,Andhra Pradesh,Wheat,26.43,668.8,53.3,407.6,29799.4,2203.9
2019,Andhra Pradesh,Wheat,25.34,1099.8,71.0,409.6,84376.9,2878.9
2020,Andhra Pradesh,Wheat,26.96,843.7,58.7,414.5,14109.6,2259.4
2021,Andhra Pradesh,Wheat,27.71,726.6,63.1,411.6,62904.0,2463.9
2022,Andhra Pradesh,Wheat,27.66,863.3,61.0,414.6,48818.6,2261.9
2023,Andhra Pradesh,Wheat,28.8,829.9,56.9,416.0,48851.3,2424.3
2024,Andhra Pradesh,Wheat,27.92,803.5,61.5,417.9,47336.7,2472.0
2015,Andhra Pradesh,Maize,27.87,772.4,54.9,400.2,65931.3,2156.1
2016,Andhra Pradesh,Maize,27.32,714.1,54.2,401.6,46117.6,2444.6
2017,Andhra Pradesh,Maize,27.09,816.4,53.8,405.4,39616.7,2689.3
2018,Andhra Pradesh,Maize,25.58,917.9,65.2,404.8,21417.3,2789.6
2019,Andhra Pradesh,Maize,29.0,1122.2,61.7,412.1,17959.5,2103.8
2020,Andhra Pradesh,Maize,28.17,735.6,59.3,410.3,93811.9,2332.7
2021,Andhra Pradesh,Maize,28.44,867.8,60.4,414.2,15184.1,2333.1
2022,Andhra Pradesh,Maize,26.62,715.1,54.4,413.8,70616.2,2800.3
2023,Andhra Pradesh,Maize,27.16,1030.0,71.2,417.2,73797.6,2790.7
2024,Andhra Pradesh,Maize,27.3,853.4,59.3,417.6,63081.1,2669.3
2015,Andhra Pradesh,Cotton,26.22,1297.7,69.0,398.1,28687.3,1389.8
2016,Andhra Pradesh,Cotton,27.1,967.4,56.6,401.1,17729.8,1293.6
2017,Andhra Pradesh,Cotton,27.2,594.4,48.0,403.4,25178.0,1382.4
2018,Andhra Pradesh,Cotton,27.43,995.2,67.7,408.0,88776.5,1424.7
2019,Andhra Pradesh,Cotton,27.67,890.4,60.1,407.9,40274.3,1428.7
2020,Andhra Pradesh,Cotton,27.11,778.8,55.9,408.7,63296.1,1415.1
2021,Andhra Pradesh,Cotton,26.38,963.1,61.6,410.5,26498.6,1380.1
2022,Andhra Pradesh,Cotton,26.87,856.4,65.3,414.7,83757.5,1460.0
2023,Andhra Pradesh,Cotton,26.84,1089.4,67.4,413.4,35039.5,1518.5
2024,Andhra Pradesh,Cotton,28.94,1075.0,62.9,420.3,59399.9,1343.4
2015,Andhra Pradesh,Sugarcane,25.73,816.2,56.9,401.3,59405.9,68703.5
2016,Andhra Pradesh,Sugarcane,25.69,852.5,57.7,403.4,18827.2,71086.8
2017,Andhra Pradesh,Sugarcane,26.32,529.9,44.4,406.3,79697.6,64622.3
2018,Andhra Pradesh,Sugarcane,28.76,1043.5,66.2,405.9,90037.2,66821.9
2019,Andhra Pradesh,Sugarcane,28.76,926.9,65.7,410.2,18240.4,69200.1
2020,Andhra Pradesh,Sugarcane,26.91,537.9,43.1,409.0,38273.9,67994.4
2021,Andhra Pradesh,Sugarcane,27.42,1111.6,63.0,412.6,81091.5,67911.7
2022,Andhra Pradesh,Sugarcane,27.31,643.0,60.3,413.7,65600.7,69574.5
2023,Andhra Pradesh,Sugarcane,28.35,837.1,60.1,415.9,78825.2,70121.9
2024,Andhra Pradesh,Sugarcane,26.58,820.7,57.3,422.3,89790.2,76280.4
